DATE,EPR,MEPR,WEPR
1/1/48,56.6,83.8,30.9
2/1/48,56.7,83.9,31
3/1/48,56.1,83,30.7
4/1/48,56.7,83.3,31.6
5/1/48,56.2,83.1,30.9
6/1/48,57,83.7,31.9
7/1/48,57.1,83.8,32
8/1/48,56.6,83.5,31.3
9/1/48,56.6,83.2,31.7
10/1/48,56.5,83.5,31.1
11/1/48,56.5,83.3,31.3
12/1/48,56.8,83.5,31.6
1/1/49,56.2,82.8,31.2
2/1/49,56.2,82.6,31.5
3/1/49,56,82.1,31.5
4/1/49,55.7,82,31
5/1/49,55.4,81.3,31.1
6/1/49,55,80.9,30.7
7/1/49,55,80.4,31.1
8/1/49,55.1,80.7,31.2
9/1/49,55.3,81,31.1
10/1/49,54.9,80,31.3
11/1/49,55.6,81.2,31.6
12/1/49,55.3,81,31.3
1/1/50,55.1,80.7,31.1
2/1/50,55.1,80.7,31.1
3/1/50,55.1,80.7,31
4/1/50,55.8,81.1,32.1
5/1/50,55.8,81.6,31.6
6/1/50,56.2,81.8,32.1
7/1/50,56.1,82,31.8
8/1/50,56.8,82.8,32.5
9/1/50,56.6,82.9,32
10/1/50,56.9,83,32.6
11/1/50,56.9,83.1,32.6
12/1/50,56.7,83,32.4
1/1/51,56.9,83.1,32.7
2/1/51,57,83.7,32.6
3/1/51,57.7,84.5,33.3
4/1/51,57.3,84.1,32.9
5/1/51,57.6,84.5,33.2
6/1/51,57.1,84,32.7
7/1/51,57.6,83.9,33.8
8/1/51,57.4,84.1,33.3
9/1/51,57.1,84,32.9
10/1/51,57.3,84.1,33.2
11/1/51,57.1,83.8,33.1
12/1/51,57.7,84.5,33.6
1/1/52,57.7,84.4,33.7
2/1/52,57.7,84.5,33.5
3/1/52,57.1,84.2,32.9
4/1/52,57.1,84,33.1
5/1/52,57.3,84.2,33.3
6/1/52,57.3,84,33.4
7/1/52,57,83.7,33.1
8/1/52,56.8,83.2,33.1
9/1/52,57.4,83.3,34.2
10/1/52,56.9,83.4,33.3
11/1/52,57.5,83.5,34.2
12/1/52,57.6,84.3,33.8
1/1/53,57.8,84.1,34.1
2/1/53,58,84.7,33.9
3/1/53,58.1,84.7,34.1
4/1/53,57.5,84,33.6
5/1/53,57.1,83.7,33.1
6/1/53,57.4,83.8,33.7
7/1/53,57.4,83.8,33.6
8/1/53,57.1,83.6,33.2
9/1/53,56.8,83.1,33.1
10/1/53,56.7,82.9,33.1
11/1/53,56.5,83,32.6
12/1/53,55.7,82.2,31.9
1/1/54,55.7,82,31.9
2/1/54,56.2,82,33
3/1/54,55.7,81,32.9
4/1/54,55.7,81.1,32.7
5/1/54,55.4,80.8,32.4
6/1/54,55.2,80.7,32.2
7/1/54,55,80.6,31.9
8/1/54,55.2,80.8,32.1
9/1/54,55.5,80.9,32.7
10/1/54,55.5,80.6,32.8
11/1/54,55.5,80.7,32.7
12/1/54,55.2,80.6,32.3
1/1/55,55.7,81,32.9
2/1/55,55.7,81,32.8
3/1/55,55.8,81.2,32.8
4/1/55,56.2,81.2,33.6
5/1/55,56.3,81.6,33.3
6/1/55,56.3,81.5,33.5
7/1/55,56.9,82.1,34.2
8/1/55,57.1,82,34.6
9/1/55,57.2,82.4,34.4
10/1/55,57.2,82.3,34.5
11/1/55,57.4,82.5,34.7
12/1/55,57.7,82.7,35.2
1/1/56,57.8,82.9,35
2/1/56,57.5,82.6,34.8
3/1/56,57.3,82.5,34.5
4/1/56,57.5,82.5,34.9
5/1/56,57.6,82.4,35.2
6/1/56,57.5,82.3,35.1
7/1/56,57.5,82.2,35
8/1/56,57.6,82.3,35.2
9/1/56,57.6,82.1,35.4
10/1/56,57.5,82,35.2
11/1/56,57.3,81.7,35.1
12/1/56,57.3,81.7,35.2
1/1/57,57,81.5,34.9
2/1/57,57.5,81.9,35.4
3/1/57,57.6,82.2,35.4
4/1/57,57.2,81.8,35
5/1/57,57.1,81.7,34.9
6/1/57,57.2,81.8,35
7/1/57,57.5,81.8,35.4
8/1/57,56.9,81.2,34.9
9/1/57,57,81,35.2
10/1/57,56.8,80.7,35.2
11/1/57,56.4,80.1,35
12/1/57,56.6,80.1,35.3
1/1/58,55.9,79.3,34.7
2/1/58,55.5,78.7,34.6
3/1/58,55.3,78.3,34.6
4/1/58,55.2,78.1,34.5
5/1/58,55.4,78.3,34.6
6/1/58,55.2,78.1,34.5
7/1/58,55.2,78.2,34.3
8/1/58,55.4,78.3,34.6
9/1/58,55.4,78.6,34.4
10/1/58,55.6,78.9,34.5
11/1/58,55.5,78.7,34.6
12/1/58,55.5,78.6,34.6
1/1/59,55.7,78.8,34.8
2/1/59,55.5,78.7,34.6
3/1/59,56,79.3,34.8
4/1/59,56.3,79.8,35
5/1/59,56.2,79.6,35
6/1/59,56.3,79.5,35.2
7/1/59,56.3,79.8,35
8/1/59,56.1,79.4,35
9/1/59,56,79.3,34.9
10/1/59,56.1,79.2,35.1
11/1/59,55.7,78.6,34.9
12/1/59,56.3,79.7,35.1
1/1/60,56,79.4,34.9
2/1/60,56.2,79.6,35.1
3/1/60,55.4,78.5,34.5
4/1/60,56.4,79.4,35.7
5/1/60,56.4,79.2,35.8
6/1/60,56.5,78.9,36.2
7/1/60,56.2,78.7,35.8
8/1/60,56.1,78.7,35.7
9/1/60,56.4,78.9,36.1
10/1/60,55.8,78.5,35.3
11/1/60,56.1,78.7,35.7
12/1/60,55.7,78.1,35.6
1/1/61,55.7,78,35.5
2/1/61,55.5,77.4,35.6
3/1/61,55.6,77.6,35.8
4/1/61,55.2,77.2,35.3
5/1/61,55.2,77.3,35.2
6/1/61,55.6,77.7,35.6
7/1/61,55.2,77.3,35.2
8/1/61,55.3,77.6,35.3
9/1/61,55,77.4,34.9
10/1/61,55.3,77.5,35.3
11/1/61,55.5,77.9,35.3
12/1/61,55.3,77.8,35.1
1/1/62,55.4,77.8,35.4
2/1/62,55.7,78.2,35.6
3/1/62,55.7,78.2,35.5
4/1/62,55.4,77.7,35.5
5/1/62,55.7,78.1,35.5
6/1/62,55.6,77.8,35.6
7/1/62,55.3,77.5,35.4
8/1/62,55.7,77.7,35.8
9/1/62,55.7,77.7,35.9
10/1/62,55.5,77.7,35.6
11/1/62,55.2,77.2,35.5
12/1/62,55.2,77.2,35.4
1/1/63,55.2,77,35.6
2/1/63,55.1,76.7,35.7
3/1/63,55.3,77,35.8
4/1/63,55.5,77.1,36
5/1/63,55.3,77,35.9
6/1/63,55.3,77.1,35.7
7/1/63,55.4,77.3,35.8
8/1/63,55.4,77.3,35.6
9/1/63,55.5,77.4,35.8
10/1/63,55.5,77.2,36
11/1/63,55.4,77.1,36
12/1/63,55.3,76.9,35.9
1/1/64,55.3,76.9,35.9
2/1/64,55.6,77.1,36.3
3/1/64,55.5,77.1,36.2
4/1/64,55.9,77.4,36.7
5/1/64,56.1,77.7,36.6
6/1/64,55.6,77.1,36.5
7/1/64,55.7,77.5,36.2
8/1/64,55.7,77.3,36.4
9/1/64,55.7,77.4,36.2
10/1/64,55.6,77.3,36.2
11/1/64,55.7,77.3,36.3
12/1/64,55.6,77.1,36.4
1/1/65,55.7,77.2,36.4
2/1/65,55.7,77.3,36.4
3/1/65,55.9,77.4,36.6
4/1/65,56,77.5,36.7
5/1/65,56.2,77.8,36.9
6/1/65,56.1,77.3,37.2
7/1/65,56.5,77.7,37.4
8/1/65,56.3,77.5,37.3
9/1/65,56.2,77.3,37.2
10/1/65,56.4,77.6,37.5
11/1/65,56.4,77.6,37.5
12/1/65,56.6,77.7,37.8
1/1/66,56.7,77.8,37.8
2/1/66,56.6,77.7,37.7
3/1/66,56.6,77.7,37.7
4/1/66,56.8,78,37.9
5/1/66,56.7,77.8,37.9
6/1/66,56.9,78,38.1
7/1/66,56.9,77.9,38.2
8/1/66,57,77.9,38.5
9/1/66,57.1,77.7,38.7
10/1/66,57.1,77.9,38.8
11/1/66,57.4,78,39.2
12/1/66,57.3,77.9,39
1/1/67,57.1,78.1,38.6
2/1/67,57,77.9,38.6
3/1/67,56.8,77.7,38.4
4/1/67,57.1,77.8,38.9
5/1/67,57,77.8,38.7
6/1/67,57.3,78.1,38.9
7/1/67,57.4,78.2,39
8/1/67,57.4,78.1,39.2
9/1/67,57.4,78,39.2
10/1/67,57.5,78,39.3
11/1/67,57.5,77.9,39.4
12/1/67,57.6,77.9,39.7
1/1/68,57,77.4,38.9
2/1/68,57.3,77.7,39.3
3/1/68,57.4,77.6,39.5
4/1/68,57.4,77.8,39.4
5/1/68,57.8,77.9,40
6/1/68,57.8,78,39.9
7/1/68,57.6,78,39.7
8/1/68,57.5,78,39.5
9/1/68,57.5,77.7,39.8
10/1/68,57.5,77.7,39.7
11/1/68,57.6,77.6,39.9
12/1/68,57.7,77.9,39.9
1/1/69,57.6,77.7,39.9
2/1/69,57.9,77.9,40.3
3/1/69,57.9,77.8,40.4
4/1/69,57.9,77.7,40.5
5/1/69,57.8,77.5,40.4
6/1/69,58,77.6,40.8
7/1/69,58,77.4,40.9
8/1/69,58.1,77.7,40.9
9/1/69,58.1,77.6,40.8
10/1/69,58.1,77.5,41.1
11/1/69,58.1,77.5,41
12/1/69,58.1,77.3,41.2
1/1/70,58,77.3,41.1
2/1/70,57.9,77.1,41
3/1/70,57.9,77.1,41
4/1/70,57.9,76.7,41.2
5/1/70,57.5,76.6,40.6
6/1/70,57.3,76,40.7
7/1/70,57.4,76,40.9
8/1/70,57.2,75.7,40.8
9/1/70,57,75.7,40.5
10/1/70,57,75.4,40.7
11/1/70,56.9,75.4,40.5
12/1/70,56.7,75.2,40.4
1/1/71,56.8,75.1,40.6
2/1/71,56.6,74.9,40.4
3/1/71,56.4,74.7,40.2
4/1/71,56.6,75.1,40.2
5/1/71,56.6,75.1,40.2
6/1/71,56.2,74.6,39.9
7/1/71,56.5,75,40
8/1/71,56.6,74.9,40.3
9/1/71,56.6,74.8,40.4
10/1/71,56.6,74.7,40.5
11/1/71,56.8,74.9,40.7
12/1/71,56.8,74.7,40.8
1/1/72,56.7,74.6,40.8
2/1/72,56.7,74.6,40.8
3/1/72,56.9,74.9,41
4/1/72,56.9,74.9,40.9
5/1/72,57,74.9,41
6/1/72,57,75.1,40.9
7/1/72,57,75.1,40.9
8/1/72,57.1,75.3,41
9/1/72,57,75.1,40.9
10/1/72,57,75,40.9
11/1/72,57.2,75.1,41.1
12/1/72,57.3,75.4,41.3
1/1/73,57.1,75.1,41
2/1/73,57.5,75.4,41.6
3/1/73,57.8,75.7,41.7
4/1/73,57.7,75.5,41.9
5/1/73,57.7,75.3,42.1
6/1/73,58,75.6,42.3
7/1/73,57.9,75.7,42.1
8/1/73,57.8,75.4,42.1
9/1/73,57.9,75.4,42.2
10/1/73,58.1,75.7,42.4
11/1/73,58.2,75.8,42.6
12/1/73,58.2,75.8,42.5
1/1/74,58.2,76,42.3
2/1/74,58.2,75.8,42.6
3/1/74,58.2,75.5,42.7
4/1/74,58,75.1,42.7
5/1/74,58,75.3,42.6
6/1/74,58,75,42.7
7/1/74,58,74.8,43
8/1/74,57.8,74.7,42.8
9/1/74,57.7,74.6,42.7
10/1/74,57.6,74.4,42.6
11/1/74,57.3,74.1,42.3
12/1/74,56.9,73.4,42.1
1/1/75,56.4,72.6,42
2/1/75,56.1,72.2,41.7
3/1/75,56,71.9,41.7
4/1/75,55.9,71.6,41.8
5/1/75,56,71.7,41.9
6/1/75,55.8,71.3,41.9
7/1/75,56,71.7,42.1
8/1/75,56.1,71.8,42.2
9/1/75,56.1,71.6,42.2
10/1/75,56.1,71.5,42.3
11/1/75,56,71.4,42.2
12/1/75,56.1,71.4,42.4
1/1/76,56.4,71.8,42.7
2/1/76,56.5,71.9,42.8
3/1/76,56.7,71.9,43
4/1/76,56.8,72.2,43.1
5/1/76,57,72.2,43.4
6/1/76,56.8,71.8,43.3
7/1/76,57,72.1,43.5
8/1/76,57,72.3,43.3
9/1/76,56.9,72.1,43.2
10/1/76,56.9,72.1,43.2
11/1/76,57,72,43.6
12/1/76,57,72,43.6
1/1/77,57,72.1,43.6
2/1/77,57.2,72.2,43.8
3/1/77,57.4,72.3,44
4/1/77,57.6,72.6,44.2
5/1/77,57.8,72.6,44.6
6/1/77,57.9,72.8,44.4
7/1/77,57.8,72.8,44.4
8/1/77,58,72.9,44.6
9/1/77,58.1,72.8,44.8
10/1/77,58.2,73.2,44.8
11/1/77,58.6,73.5,45.1
12/1/77,58.7,73.6,45.3
1/1/78,58.8,73.5,45.5
2/1/78,58.8,73.4,45.7
3/1/78,58.8,73.3,45.8
4/1/78,59.2,73.6,46.2
5/1/78,59.3,73.8,46.3
6/1/78,59.5,74.1,46.5
7/1/78,59.3,73.8,46.3
8/1/78,59.4,73.9,46.4
9/1/78,59.5,73.7,46.7
10/1/78,59.7,73.8,47
11/1/78,59.8,74.1,47
12/1/78,59.8,73.9,47.1
1/1/79,59.9,74.2,47.1
2/1/79,60.1,74.3,47.3
3/1/79,60,74,47.5
4/1/79,59.8,73.9,47.1
5/1/79,59.8,73.8,47.2
6/1/79,59.9,74,47.2
7/1/79,60,73.9,47.5
8/1/79,59.8,73.7,47.3
9/1/79,60,73.9,47.6
10/1/79,59.9,73.5,47.7
11/1/79,60,73.4,47.9
12/1/79,60.1,73.5,48
1/1/80,60,73.3,48
2/1/80,60,73.4,47.9
3/1/80,59.7,73,47.8
4/1/80,59.4,72.3,47.7
5/1/80,59.1,71.9,47.6
6/1/80,58.9,71.5,47.5
7/1/80,58.8,71.4,47.5
8/1/80,58.8,71.4,47.5
9/1/80,58.9,71.4,47.6
10/1/80,58.9,71.6,47.6
11/1/80,59,71.6,47.7
12/1/80,59,71.7,47.6
1/1/81,59.1,71.7,47.8
2/1/81,59.2,71.6,48
3/1/81,59.4,71.8,48.1
4/1/81,59.6,72.1,48.3
5/1/81,59.5,71.9,48.4
6/1/81,59,71.1,48.1
7/1/81,59.1,71.5,48.1
8/1/81,59.1,71.4,48.1
9/1/81,58.7,71.1,47.5
10/1/81,58.8,70.8,47.9
11/1/81,58.6,70.5,47.9
12/1/81,58.2,70,47.6
1/1/82,58.2,69.9,47.7
2/1/82,58.2,69.9,47.7
3/1/82,58.1,69.6,47.7
4/1/82,57.9,69.5,47.6
5/1/82,58.2,69.7,47.8
6/1/82,57.8,68.9,47.8
7/1/82,57.7,68.8,47.8
8/1/82,57.8,68.8,47.8
9/1/82,57.6,68.6,47.8
10/1/82,57.4,68.4,47.5
11/1/82,57.3,68.2,47.5
12/1/82,57.2,68,47.5
1/1/83,57.2,67.9,47.5
2/1/83,57.1,67.8,47.5
3/1/83,57.1,67.8,47.5
4/1/83,57.3,68,47.6
5/1/83,57.3,68.1,47.5
6/1/83,57.8,69,47.7
7/1/83,58.1,69.2,48
8/1/83,58.2,69.2,48.4
9/1/83,58.4,69.3,48.7
10/1/83,58.4,69.4,48.5
11/1/83,58.7,69.9,48.7
12/1/83,58.8,69.9,48.8
1/1/84,58.8,70,48.7
2/1/84,59.1,70.3,49
3/1/84,59.1,70.3,49
4/1/84,59.3,70.4,49.3
5/1/84,59.7,70.7,49.9
6/1/84,59.9,71.2,49.7
7/1/84,59.8,70.8,49.8
8/1/84,59.6,70.7,49.5
9/1/84,59.7,70.9,49.6
10/1/84,59.7,70.9,49.6
11/1/84,59.8,71,49.7
12/1/84,59.9,71,49.9
1/1/85,59.9,70.9,50.1
2/1/85,60,70.8,50.3
3/1/85,60.2,71,50.5
4/1/85,60.1,71,50.4
5/1/85,60.1,71.1,50.2
6/1/85,59.8,70.6,50.1
7/1/85,59.9,70.7,50.2
8/1/85,60,70.9,50.2
9/1/85,60.3,71,50.6
10/1/85,60.3,71,50.7
11/1/85,60.4,71,50.8
12/1/85,60.4,71,50.9
1/1/86,60.6,71.3,50.9
2/1/86,60.3,70.9,50.8
3/1/86,60.5,70.9,51
4/1/86,60.5,70.9,51
5/1/86,60.5,70.8,51.2
6/1/86,60.7,70.9,51.5
7/1/86,60.8,70.9,51.6
8/1/86,60.8,70.9,51.7
9/1/86,60.8,70.9,51.7
10/1/86,60.9,70.9,51.8
11/1/86,60.9,71.1,51.7
12/1/86,61,71.2,51.7
1/1/87,61,71.3,51.7
2/1/87,61.1,71.3,51.9
3/1/87,61.2,71.2,52.1
4/1/87,61.3,71.3,52.3
5/1/87,61.6,71.5,52.6
6/1/87,61.4,71.3,52.5
7/1/87,61.6,71.4,52.7
8/1/87,61.8,71.6,52.9
9/1/87,61.6,71.6,52.6
10/1/87,61.8,71.7,52.8
11/1/87,61.9,71.7,52.9
12/1/87,62,71.8,53.1
1/1/88,62,71.9,53.1
2/1/88,62.1,72,53.1
3/1/88,61.9,71.6,53.2
4/1/88,62.2,72.2,53.2
5/1/88,62,72,52.9
6/1/88,62.3,72.1,53.3
7/1/88,62.3,72.2,53.3
8/1/88,62.4,72.2,53.5
9/1/88,62.4,72.1,53.5
10/1/88,62.5,72,53.8
11/1/88,62.7,72.1,54.1
12/1/88,62.6,72,54.1
1/1/89,62.9,72.2,54.4
2/1/89,62.9,72.4,54.2
3/1/89,62.9,72.6,54.2
4/1/89,62.9,72.5,54.2
5/1/89,62.9,72.4,54.2
6/1/89,63,72.8,54.1
7/1/89,63,72.7,54.2
8/1/89,63.1,72.6,54.4
9/1/89,62.8,72,54.5
10/1/89,62.9,72.4,54.3
11/1/89,63,72.3,54.7
12/1/89,63,72.3,54.4
1/1/90,63.2,72.6,54.6
2/1/90,63.2,72.6,54.5
3/1/90,63.2,72.6,54.6
4/1/90,63,72.3,54.5
5/1/90,63.1,72.4,54.6
6/1/90,62.9,72.2,54.4
7/1/90,62.8,72.1,54.3
8/1/90,62.7,71.9,54.4
9/1/90,62.5,71.6,54.2
10/1/90,62.5,71.6,54.2
11/1/90,62.3,71.4,54
12/1/90,62.2,71.3,53.9
1/1/91,62,71,53.8
2/1/91,61.9,70.7,53.8
3/1/91,61.8,70.6,53.7
4/1/91,62,70.7,54.1
5/1/91,61.6,70.4,53.6
6/1/91,61.7,70.4,53.7
7/1/91,61.6,70.3,53.6
8/1/91,61.5,70.2,53.5
9/1/91,61.6,70.3,53.7
10/1/91,61.5,70.1,53.7
11/1/91,61.4,70,53.6
12/1/91,61.2,69.7,53.5
1/1/92,61.5,69.8,53.8
2/1/92,61.3,69.6,53.7
3/1/92,61.5,69.8,53.8
4/1/92,61.6,70,53.9
5/1/92,61.5,69.9,53.8
6/1/92,61.5,69.9,53.7
7/1/92,61.6,70,53.8
8/1/92,61.6,70,53.8
9/1/92,61.4,69.9,53.7
10/1/92,61.3,69.7,53.6
11/1/92,61.4,69.7,53.7
12/1/92,61.4,69.8,53.7
1/1/93,61.4,69.8,53.7
2/1/93,61.4,69.9,53.7
3/1/93,61.5,69.9,53.9
4/1/93,61.5,69.8,53.8
5/1/93,61.7,70.1,54.1
6/1/93,61.8,70.1,54.1
7/1/93,61.8,70.2,54.1
8/1/93,62,70.3,54.3
9/1/93,61.7,70,54.2
10/1/93,61.8,70,54.3
11/1/93,61.9,70.1,54.4
12/1/93,62,70.1,54.6
1/1/94,62.2,70.2,54.9
2/1/94,62.3,70.1,55.1
3/1/94,62.1,70,54.9
4/1/94,62.3,70.1,55.1
5/1/94,62.5,70.3,55.4
6/1/94,62.3,70.2,55.1
7/1/94,62.3,70.1,55.2
8/1/94,62.6,70.5,55.3
9/1/94,62.7,70.6,55.4
10/1/94,62.9,70.8,55.5
11/1/94,63,71,55.6
12/1/94,63.1,71.3,55.5
1/1/95,63,71.2,55.5
2/1/95,63.1,71.3,55.6
3/1/95,63.1,71.3,55.6
4/1/95,63.1,71.1,55.7
5/1/95,62.7,70.5,55.6
6/1/95,62.7,70.8,55.3
7/1/95,62.8,70.7,55.6
8/1/95,62.8,70.6,55.7
9/1/95,62.9,70.8,55.6
10/1/95,62.9,70.7,55.8
11/1/95,62.8,70.3,55.9
12/1/95,62.7,70.4,55.6
1/1/96,62.7,70.5,55.5
2/1/96,62.9,70.7,55.7
3/1/96,63,70.7,55.8
4/1/96,63,70.7,55.9
5/1/96,63,70.8,55.8
6/1/96,63.2,71,55.9
7/1/96,63.3,71.1,56.1
8/1/96,63.3,71.1,56.2
9/1/96,63.4,71.1,56.4
10/1/96,63.5,71.3,56.4
11/1/96,63.4,70.9,56.5
12/1/96,63.4,71.1,56.4
1/1/97,63.4,71,56.4
2/1/97,63.4,71,56.3
3/1/97,63.6,71.2,56.6
4/1/97,63.7,71.3,56.7
5/1/97,63.8,71.5,56.7
6/1/97,63.7,71.3,56.8
7/1/97,63.9,71.4,57
8/1/97,63.9,71.4,57
9/1/97,63.9,71.3,57
10/1/97,63.9,71.4,57
11/1/97,64.1,71.7,57
12/1/97,64,71.4,57.2
1/1/98,64,71.5,57
2/1/98,64,71.5,57
3/1/98,64,71.4,57.1
4/1/98,64.1,71.8,57
5/1/98,64.1,71.7,57.1
6/1/98,64,71.6,57
7/1/98,64,71.5,57
8/1/98,63.9,71.4,57.1
9/1/98,64.2,71.6,57.3
10/1/98,64.1,71.6,57.1
11/1/98,64.2,71.8,57.1
12/1/98,64.3,71.7,57.4
1/1/99,64.4,71.9,57.4
2/1/99,64.2,71.7,57.3
3/1/99,64.2,71.7,57.3
4/1/99,64.2,71.6,57.3
5/1/99,64.3,71.7,57.5
6/1/99,64.2,71.6,57.4
7/1/99,64.2,71.6,57.4
8/1/99,64.2,71.5,57.5
9/1/99,64.2,71.6,57.4
10/1/99,64.3,71.5,57.6
11/1/99,64.4,71.7,57.6
12/1/99,64.4,71.8,57.6
1/1/00,64.6,72.2,57.6
2/1/00,64.6,72.2,57.5
3/1/00,64.6,72.2,57.5
4/1/00,64.7,72.1,58
5/1/00,64.4,71.9,57.5
6/1/00,64.5,72,57.5
7/1/00,64.2,71.6,57.3
8/1/00,64.2,71.9,57.1
9/1/00,64.2,71.7,57.4
10/1/00,64.2,71.6,57.4
11/1/00,64.3,71.7,57.5
12/1/00,64.4,71.7,57.6
1/1/01,64.4,71.8,57.6
2/1/01,64.3,71.6,57.5
3/1/01,64.3,71.4,57.7
4/1/01,64,71.3,57.2
5/1/01,63.8,71.1,57.2
6/1/01,63.7,70.9,57
7/1/01,63.7,70.9,57
8/1/01,63.2,70.4,56.6
9/1/01,63.5,70.8,56.7
10/1/01,63.2,70.3,56.6
11/1/01,63,70,56.6
12/1/01,62.9,70,56.3
1/1/02,62.7,69.7,56.2
2/1/02,63,69.9,56.6
3/1/02,62.8,69.8,56.4
4/1/02,62.7,69.8,56.2
5/1/02,62.9,70.1,56.1
6/1/02,62.7,69.8,56.2
7/1/02,62.7,69.7,56.1
8/1/02,62.7,69.7,56.3
9/1/02,63,70,56.4
10/1/02,62.7,69.7,56.3
11/1/02,62.5,69.2,56.2
12/1/02,62.4,69.1,56.2
1/1/03,62.5,68.9,56.5
2/1/03,62.5,69.2,56.2
3/1/03,62.4,68.9,56.3
4/1/03,62.4,69,56.3
5/1/03,62.3,68.8,56.3
6/1/03,62.3,68.7,56.4
7/1/03,62.1,68.6,56.1
8/1/03,62.1,68.6,56
9/1/03,62,68.9,55.7
10/1/03,62.1,68.9,55.9
11/1/03,62.3,69,56
12/1/03,62.2,69.2,55.7
1/1/04,62.3,69.4,55.7
2/1/04,62.3,69.1,56
3/1/04,62.2,69,55.9
4/1/04,62.3,69,56
5/1/04,62.3,68.9,56.1
6/1/04,62.4,69.2,56
7/1/04,62.5,69.4,56
8/1/04,62.4,69.3,56
9/1/04,62.3,69.1,55.9
10/1/04,62.3,69.2,55.9
11/1/04,62.5,69.4,56
12/1/04,62.4,69.2,56.1
1/1/05,62.4,69.1,56.1
2/1/05,62.4,69.2,56
3/1/05,62.4,69.4,56
4/1/05,62.7,69.6,56.2
5/1/05,62.8,69.8,56.2
6/1/05,62.7,69.8,56.1
7/1/05,62.8,69.8,56.2
8/1/05,62.9,69.9,56.4
9/1/05,62.8,69.7,56.4
10/1/05,62.8,69.7,56.4
11/1/05,62.7,69.6,56.3
12/1/05,62.8,69.7,56.3
1/1/06,62.9,70,56.3
2/1/06,63,70,56.4
3/1/06,63.1,70.2,56.4
4/1/06,63,70,56.4
5/1/06,63.1,70,56.6
6/1/06,63.1,70,56.7
7/1/06,63,69.6,56.8
8/1/06,63.1,69.9,56.8
9/1/06,63.1,70.2,56.5
10/1/06,63.3,70.2,56.8
11/1/06,63.3,70.2,56.8
12/1/06,63.4,70.4,56.9
1/1/07,63.3,70.3,56.8
2/1/07,63.3,70.1,56.8
3/1/07,63.3,70.2,56.9
4/1/07,63,70,56.3
5/1/07,63,69.9,56.6
6/1/07,63,69.8,56.7
7/1/07,62.9,69.6,56.6
8/1/07,62.7,69.4,56.5
9/1/07,62.9,69.5,56.8
10/1/07,62.7,69.3,56.5
11/1/07,62.9,69.6,56.6
12/1/07,62.7,69.4,56.5
1/1/08,62.9,69.6,56.6
2/1/08,62.8,69.5,56.5
3/1/08,62.7,69.3,56.5
4/1/08,62.7,69.2,56.6
5/1/08,62.5,69,56.5
6/1/08,62.4,68.8,56.4
7/1/08,62.2,68.6,56.3
8/1/08,62,68.3,56.1
9/1/08,61.9,68.1,56.1
10/1/08,61.7,67.8,56.1
11/1/08,61.4,67.3,55.8
12/1/08,61,66.7,55.6
1/1/09,60.6,66.2,55.2
2/1/09,60.3,65.7,55.2
3/1/09,59.9,65.1,55
4/1/09,59.8,65,54.9
5/1/09,59.6,64.8,54.7
6/1/09,59.4,64.6,54.5
7/1/09,59.3,64.5,54.5
8/1/09,59.1,64.2,54.3
9/1/09,58.7,63.9,53.9
10/1/09,58.5,63.7,53.7
11/1/09,58.6,63.6,53.8
12/1/09,58.3,63.3,53.5
1/1/10,58.5,63.3,53.9
2/1/10,58.5,63.4,53.8
3/1/10,58.5,63.6,53.7
4/1/10,58.7,64,53.7
5/1/10,58.6,63.9,53.6
6/1/10,58.5,63.8,53.6
7/1/10,58.5,63.9,53.5
8/1/10,58.6,63.9,53.5
9/1/10,58.5,63.8,53.5
10/1/10,58.3,63.6,53.3
11/1/10,58.2,63.4,53.4
12/1/10,58.3,63.6,53.3
1/1/11,58.3,63.7,53.3
2/1/11,58.4,63.8,53.2
3/1/11,58.4,63.8,53.4
4/1/11,58.4,63.7,53.3
5/1/11,58.3,63.8,53.2
6/1/11,58.2,63.7,53
7/1/11,58.2,63.6,53.1
8/1/11,58.3,63.9,53.1
9/1/11,58.4,63.9,53.2
10/1/11,58.4,63.9,53.3
11/1/11,58.6,64.3,53.2
12/1/11,58.6,64.4,53.1
1/1/12,58.4,64.3,52.9
2/1/12,58.5,64.3,53.1
3/1/12,58.5,64.3,53.2
4/1/12,58.4,64.3,53
5/1/12,58.5,64.3,53.1
6/1/12,58.6,64.4,53.2
7/1/12,58.5,64.3,53
8/1/12,58.4,64.1,53.1
9/1/12,58.7,64.5,53.3
10/1/12,58.8,64.7,53.3
11/1/12,58.7,64.6,53.2
12/1/12,58.7,64.6,53.2
1/1/13,58.6,64.5,53
2/1/13,58.6,64.5,53
3/1/13,58.5,64.5,52.9
4/1/13,58.6,64.4,53.2
5/1/13,58.6,64.4,53.2
6/1/13,58.6,64.5,53.2
7/1/13,58.7,64.4,53.4
8/1/13,58.7,64.3,53.5
9/1/13,58.7,64.4,53.3
10/1/13,58.3,64,52.9
11/1/13,58.6,64.5,53.1
12/1/13,58.7,64.5,53.2
1/1/14,58.8,64.5,53.4
2/1/14,58.7,64.3,53.6
3/1/14,58.9,64.8,53.4
4/1/14,58.9,64.6,53.5
5/1/14,58.9,64.6,53.5
6/1/14,59,64.9,53.5
7/1/14,59,65,53.4
8/1/14,59,65,53.4
9/1/14,59.1,65.2,53.4
10/1/14,59.3,65.3,53.7
11/1/14,59.2,65.1,53.7
12/1/14,59.3,65.3,53.6
1/1/15,59.3,65.3,53.7
2/1/15,59.2,65.3,53.6
3/1/15,59.2,65.3,53.6
4/1/15,59.3,65.5,53.6
5/1/15,59.4,65.5,53.8
6/1/15,59.4,65.3,53.8
7/1/15,59.3,65.4,53.6
8/1/15,59.4,65.4,53.8
9/1/15,59.2,65.3,53.5
10/1/15,59.3,65.3,53.7
11/1/15,59.4,65.2,54
12/1/15,59.6,65.5,54.1
1/1/16,59.7,65.7,54.1
2/1/16,59.8,65.9,54.1
3/1/16,59.8,65.9,54.2
4/1/16,59.7,65.8,54
5/1/16,59.7,65.7,54.1
6/1/16,59.7,65.9,53.9
7/1/16,59.8,65.8,54.1
8/1/16,59.8,65.9,54.1
9/1/16,59.7,65.8,54.1
10/1/16,59.7,65.7,54.1
11/1/16,59.7,65.7,54.1
12/1/16,59.7,65.7,54.1
1/1/17,59.9,65.9,54.2
2/1/17,60,65.9,54.4
3/1/17,60.2,66,54.7
4/1/17,60.2,66.2,54.6
5/1/17,60.1,66,54.5
6/1/17,60.1,66.1,54.6
7/1/17,60.2,66,54.8
8/1/17,60.1,66,54.6
9/1/17,60.4,66.3,54.8
10/1/17,60.1,66,54.5
11/1/17,60.1,65.9,54.6
12/1/17,60.1,66.1,54.5
1/1/18,60.2,66.3,54.5
2/1/18,60.4,66.6,54.7
3/1/18,60.4,66.5,54.7
4/1/18,60.4,66.5,54.7
5/1/18,60.5,66.5,54.8
6/1/18,60.4,66.3,54.9
7/1/18,60.5,66.3,55.2
8/1/18,60.3,66.1,54.8
9/1/18,60.4,66.1,55
10/1/18,60.5,66.2,55.1
11/1/18,60.5,66.4,55.1
12/1/18,60.6,66.2,55.2
1/1/19,60.6,66.5,55.2
2/1/19,60.8,66.5,55.3
3/1/19,60.7,66.5,55.2
4/1/19,60.6,66.4,55.2
5/1/19,60.6,66.5,55
6/1/19,60.7,66.6,55.1
7/1/19,60.8,66.7,55.2
8/1/19,60.8,66.6,55.4
9/1/19,60.9,66.6,55.6
10/1/19,60.9,66.5,55.7
11/1/19,61,66.8,55.5
12/1/19,61,66.7,55.7
1/1/20,61.1,66.8,55.8
2/1/20,61.2,66.8,55.9
3/1/20,59.9,65.6,54.6
4/1/20,51.3,57.2,45.8
5/1/20,52.8,58.6,47.3
6/1/20,54.7,60.2,49.5
7/1/20,55.2,60.6,50.2
8/1/20,56.5,62,51.3
9/1/20,56.6,62.3,51.2
10/1/20,57.4,63,52.1
11/1/20,57.4,62.8,52.3
12/1/20,57.4,62.9,52.2
1/1/21,57.5,63.2,52.2
2/1/21,57.6,63.2,52.5
3/1/21,57.8,63.2,52.8
4/1/21,57.9,63.4,52.8
5/1/21,58,63.5,52.9
6/1/21,58,63.5,52.9
7/1/21,58.4,63.8,53.3
8/1/21,58.5,64.1,53.4
9/1/21,58.8,64.4,53.5
10/1/21,58.9,64.6,53.6
11/1/21,59.3,65,53.9
12/1/21,59.5,65.1,54.3
1/1/22,59.7,65.1,54.6
2/1/22,59.9,65.7,54.4
3/1/22,60.1,65.8,54.8
4/1/22,60,65.5,54.8
5/1/22,60.1,65.6,54.9
6/1/22,59.9,65.4,54.7